Brand,Processor,RAM_GB,Storage_GB,GPU,Price_PKR
Acer,Intel Core i3,16,512,Intel Iris Xe,161482
HP,Intel Core i5,64,256,Intel UHD,371455
Asus,Intel Core i9,4,256,Intel Iris Xe,296006
HP,Intel Core i5,64,512,Intel Iris Xe,431873
Acer,AMD Ryzen 7,8,2048,NVIDIA RTX 4060,415604
Asus,Intel Core i7,8,2048,Intel Iris Xe,332207
Dell,Intel Core i7,8,1024,AMD Radeon,270083
Apple,Apple M1,32,256,Apple GPU,443894
Dell,AMD Ryzen 9,64,1024,NVIDIA RTX 3060,613449
MSI,Intel Core i3,64,256,NVIDIA RTX 4070,626684
Lenovo,Intel Core i3,64,1024,NVIDIA RTX 3050,432918
Asus,Intel Core i5,4,512,Intel UHD,181987
MSI,Intel Core i7,8,256,Intel UHD,245808
Lenovo,Intel Core i7,16,512,NVIDIA RTX 4070,400284
Dell,Intel Core i7,16,256,NVIDIA GTX 1650,210588
Asus,AMD Ryzen 7,64,512,AMD Radeon,471202
HP,Intel Core i9,16,512,NVIDIA RTX 4060,397518
Acer,Intel Core i7,8,256,Intel Iris Xe,192215
MSI,Intel Core i7,16,256,NVIDIA RTX 4060,386198
HP,AMD Ryzen 5,8,2048,NVIDIA RTX 3060,313353
Lenovo,AMD Ryzen 7,8,1024,NVIDIA RTX 4070,489324
HP,Intel Core i5,64,2048,NVIDIA RTX 3050,538158
Asus,Intel Core i9,8,512,NVIDIA RTX 3060,421990
Asus,Intel Core i9,4,256,Intel UHD,238393
HP,AMD Ryzen 7,32,256,AMD Radeon,268426
Lenovo,Intel Core i9,64,1024,NVIDIA RTX 4070,740784
Asus,AMD Ryzen 9,4,1024,Intel Iris Xe,288703
MSI,AMD Ryzen 7,4,1024,NVIDIA RTX 3060,386745
Lenovo,Intel Core i5,4,1024,NVIDIA RTX 4070,373504
Asus,AMD Ryzen 9,64,256,AMD Radeon,520091
MSI,AMD Ryzen 7,64,512,NVIDIA RTX 3050,539606
HP,Intel Core i7,64,256,AMD Radeon,468494
Asus,Intel Core i7,4,256,NVIDIA RTX 4070,444425
Dell,AMD Ryzen 9,8,256,NVIDIA RTX 3050,279176
HP,AMD Ryzen 5,4,2048,Intel UHD,247601
MSI,Intel Core i3,8,2048,AMD Radeon,221377
Asus,Intel Core i5,64,2048,NVIDIA RTX 3050,605843
HP,AMD Ryzen 5,16,2048,NVIDIA GTX 1650,261996
Acer,AMD Ryzen 7,32,2048,NVIDIA RTX 3060,457471
Apple,Apple M1,8,256,Apple GPU,327954
Dell,Intel Core i3,64,512,NVIDIA GTX 1650,410064
Apple,Apple M1,4,512,Apple GPU,324799
Apple,Apple M1,16,256,Apple GPU,352626
Asus,Intel Core i5,32,512,NVIDIA RTX 3050,372823
Asus,Intel Core i5,8,2048,NVIDIA RTX 4070,478313
MSI,Intel Core i9,4,256,NVIDIA GTX 1650,299690
Acer,Intel Core i9,32,2048,NVIDIA RTX 3060,537191
Lenovo,AMD Ryzen 9,4,256,Intel Iris Xe,251787
Lenovo,AMD Ryzen 7,4,512,NVIDIA RTX 3060,301786
HP,Intel Core i5,8,2048,NVIDIA RTX 4070,414804
HP,Intel Core i7,8,256,NVIDIA RTX 4070,414890
Lenovo,AMD Ryzen 9,4,256,Intel UHD,211694
Apple,Apple M1,8,2048,Apple GPU,403297
Lenovo,Intel Core i9,32,256,NVIDIA GTX 1650,397865
HP,Intel Core i9,32,1024,Intel Iris Xe,410523
MSI,AMD Ryzen 9,16,2048,NVIDIA RTX 4070,675965
Acer,AMD Ryzen 7,8,512,NVIDIA RTX 4070,396784
Dell,Intel Core i5,64,256,Intel Iris Xe,366704
Acer,Intel Core i7,4,2048,Intel Iris Xe,275645
Asus,AMD Ryzen 9,4,256,AMD Radeon,305119
MSI,Intel Core i5,64,256,Intel UHD,417578
Acer,AMD Ryzen 9,32,256,NVIDIA GTX 1650,375698
Asus,Intel Core i5,64,256,Intel Iris Xe,400145
Lenovo,AMD Ryzen 7,16,512,NVIDIA RTX 3060,309019
Acer,AMD Ryzen 7,8,1024,NVIDIA RTX 3060,359968
Lenovo,Intel Core i5,32,1024,NVIDIA RTX 3050,391763
MSI,Intel Core i3,32,256,Intel Iris Xe,253758
Apple,Apple M1,64,1024,Apple GPU,626598
HP,Intel Core i7,8,1024,Intel UHD,236233
Dell,Intel Core i5,64,1024,NVIDIA RTX 4070,622467
Asus,AMD Ryzen 9,64,1024,Intel Iris Xe,580948
Acer,Intel Core i3,16,256,AMD Radeon,176196
Apple,Apple M1,16,1024,Apple GPU,397546
Asus,Intel Core i5,8,1024,NVIDIA RTX 3060,394777
Asus,Intel Core i9,4,256,NVIDIA RTX 3050,274672
Acer,Intel Core i9,4,256,NVIDIA RTX 3050,314749
Dell,AMD Ryzen 9,16,512,AMD Radeon,289092
Acer,Intel Core i9,64,256,NVIDIA RTX 4060,603288
Apple,Apple M1,8,256,Apple GPU,325032
MSI,Intel Core i7,32,512,AMD Radeon,298138
Apple,Apple M2,16,256,Apple GPU,405332
Dell,Intel Core i5,4,1024,NVIDIA GTX 1650,219428
MSI,AMD Ryzen 5,64,512,NVIDIA RTX 4060,625219
HP,AMD Ryzen 9,8,2048,AMD Radeon,324306
Apple,Apple M1,16,2048,Apple GPU,432999
MSI,AMD Ryzen 7,16,512,NVIDIA GTX 1650,314424
MSI,AMD Ryzen 7,32,256,Intel UHD,364608
MSI,Intel Core i9,8,2048,NVIDIA GTX 1650,445156
Dell,Intel Core i7,8,256,NVIDIA GTX 1650,210452
Acer,Intel Core i5,16,1024,NVIDIA RTX 4060,371111
MSI,Intel Core i3,16,2048,NVIDIA RTX 3050,360875
Acer,AMD Ryzen 9,4,256,NVIDIA RTX 3060,360527
Dell,Intel Core i5,4,256,NVIDIA RTX 3050,175082
Asus,Intel Core i9,16,2048,NVIDIA RTX 3060,529765
Asus,AMD Ryzen 5,32,512,Intel UHD,300793
Dell,Intel Core i3,4,512,NVIDIA RTX 4060,195948
Dell,Intel Core i9,16,1024,Intel UHD,323372
Acer,AMD Ryzen 9,16,1024,Intel UHD,322399
Acer,Intel Core i9,32,1024,NVIDIA RTX 3060,493203
Asus,Intel Core i5,32,2048,NVIDIA GTX 1650,432273
Acer,AMD Ryzen 7,64,1024,AMD Radeon,420353
Lenovo,AMD Ryzen 5,16,1024,Intel Iris Xe,206148
HP,Intel Core i9,32,2048,NVIDIA RTX 3060,540468
Lenovo,AMD Ryzen 7,64,2048,NVIDIA GTX 1650,536031
MSI,AMD Ryzen 9,4,1024,AMD Radeon,316217
Asus,AMD Ryzen 7,4,512,NVIDIA RTX 3060,359068
Acer,Intel Core i7,8,512,NVIDIA GTX 1650,291850
Apple,Apple M1,8,2048,Apple GPU,426969
Asus,AMD Ryzen 9,32,2048,Intel UHD,501556
Acer,AMD Ryzen 5,32,2048,NVIDIA GTX 1650,381127
Lenovo,Intel Core i5,4,256,AMD Radeon,71757
MSI,Intel Core i9,8,2048,NVIDIA GTX 1650,435278
Apple,Apple M1,4,2048,Apple GPU,407109
HP,AMD Ryzen 9,64,1024,NVIDIA RTX 4070,806178
MSI,Intel Core i9,64,2048,NVIDIA RTX 4060,761486
HP,AMD Ryzen 7,32,1024,NVIDIA RTX 4070,557042
MSI,Intel Core i5,64,2048,NVIDIA RTX 3050,599071
Acer,Intel Core i5,32,256,NVIDIA RTX 3050,278870
Acer,Intel Core i7,16,1024,NVIDIA GTX 1650,333011
Dell,AMD Ryzen 5,8,512,Intel UHD,176916
HP,Intel Core i9,8,256,AMD Radeon,261070
Lenovo,Intel Core i9,64,2048,NVIDIA RTX 3060,658154
Lenovo,Intel Core i3,32,2048,NVIDIA GTX 1650,380493
MSI,AMD Ryzen 5,64,2048,Intel Iris Xe,491562
Lenovo,Intel Core i3,16,2048,NVIDIA RTX 3060,360591
MSI,AMD Ryzen 9,64,512,NVIDIA RTX 4060,742330
Lenovo,Intel Core i5,32,2048,NVIDIA RTX 3050,383459
Apple,Apple M2,16,2048,Apple GPU,495332
Acer,Intel Core i5,8,256,NVIDIA RTX 4070,366952
Lenovo,AMD Ryzen 5,4,2048,Intel Iris Xe,210738
HP,AMD Ryzen 9,8,256,NVIDIA RTX 4070,418371
Dell,Intel Core i9,8,2048,NVIDIA RTX 3060,451822
Dell,Intel Core i7,16,2048,NVIDIA RTX 4060,425943
Dell,AMD Ryzen 9,32,256,Intel UHD,352326
Acer,AMD Ryzen 5,16,512,Intel Iris Xe,163814
Acer,Intel Core i3,4,512,Intel Iris Xe,140721
HP,AMD Ryzen 9,64,512,Intel Iris Xe,465058
HP,Intel Core i5,4,512,NVIDIA RTX 4070,352779
Lenovo,AMD Ryzen 7,16,512,NVIDIA RTX 3050,323189
Asus,AMD Ryzen 5,8,1024,Intel UHD,205862
Apple,Apple M1,16,2048,Apple GPU,461800
Lenovo,AMD Ryzen 7,4,512,NVIDIA GTX 1650,259071
Apple,Apple M2,64,256,Apple GPU,566912
MSI,AMD Ryzen 5,16,2048,Intel Iris Xe,335507
Acer,Intel Core i7,64,1024,Intel UHD,466926
Apple,Apple M2,32,256,Apple GPU,499894
Lenovo,Intel Core i7,8,2048,NVIDIA RTX 4070,471127
HP,AMD Ryzen 7,64,2048,NVIDIA RTX 3050,549425
Lenovo,Intel Core i9,16,512,NVIDIA RTX 3050,370682
MSI,Intel Core i3,32,512,NVIDIA RTX 3050,347750
MSI,Intel Core i9,16,256,NVIDIA RTX 4060,474004
Lenovo,AMD Ryzen 9,8,2048,NVIDIA RTX 3060,459545
HP,Intel Core i7,16,1024,NVIDIA RTX 3050,310137
Asus,AMD Ryzen 7,64,256,NVIDIA RTX 3050,548558
Asus,Intel Core i5,8,2048,Intel UHD,305163
Lenovo,AMD Ryzen 5,32,2048,NVIDIA GTX 1650,363335
Lenovo,AMD Ryzen 9,4,1024,Intel Iris Xe,316970
HP,Intel Core i9,16,1024,NVIDIA GTX 1650,370012
Lenovo,AMD Ryzen 5,32,1024,NVIDIA RTX 3060,362643
Dell,AMD Ryzen 7,16,1024,NVIDIA RTX 4070,500194
Dell,Intel Core i5,8,1024,Intel UHD,157384
Apple,Apple M1,8,512,Apple GPU,358595
Acer,Intel Core i9,64,1024,NVIDIA RTX 3050,617010
Apple,Apple M1,16,512,Apple GPU,347258
Dell,Intel Core i5,4,512,NVIDIA RTX 3050,235616
Dell,Intel Core i3,64,1024,Intel Iris Xe,387777
Acer,Intel Core i5,4,256,NVIDIA RTX 4070,370354
Asus,Intel Core i7,32,2048,NVIDIA RTX 4070,713926
Dell,Intel Core i5,16,2048,Intel Iris Xe,267953
Apple,Apple M1,32,2048,Apple GPU,501242
Apple,Apple M1,8,512,Apple GPU,311986
MSI,AMD Ryzen 5,4,512,NVIDIA RTX 3050,241754
Apple,Apple M2,64,512,Apple GPU,623690
MSI,AMD Ryzen 5,32,2048,NVIDIA RTX 4060,545581
Dell,AMD Ryzen 9,16,256,NVIDIA RTX 4060,419132
Asus,AMD Ryzen 7,8,512,Intel UHD,276310
Dell,AMD Ryzen 7,8,512,Intel UHD,198075
HP,AMD Ryzen 5,8,256,Intel UHD,182187
Lenovo,Intel Core i9,16,256,NVIDIA RTX 4070,487481
HP,Intel Core i7,32,256,NVIDIA RTX 3050,428682
Acer,Intel Core i5,64,512,NVIDIA RTX 3050,476428
Lenovo,Intel Core i3,8,1024,NVIDIA GTX 1650,160651
MSI,Intel Core i5,4,512,Intel UHD,165163
MSI,Intel Core i7,32,256,NVIDIA RTX 3050,422074
Lenovo,AMD Ryzen 7,32,1024,NVIDIA RTX 3050,389548
Asus,AMD Ryzen 5,32,256,NVIDIA RTX 4070,539709
Asus,Intel Core i3,16,1024,NVIDIA RTX 4060,383896
Apple,Apple M1,8,256,Apple GPU,320456
MSI,AMD Ryzen 7,64,256,NVIDIA RTX 3050,518559
MSI,AMD Ryzen 9,32,2048,AMD Radeon,452284
Dell,Intel Core i5,32,256,NVIDIA RTX 4060,368447
Lenovo,Intel Core i7,16,1024,NVIDIA RTX 4060,422349
Acer,Intel Core i3,16,2048,AMD Radeon,239027
Acer,Intel Core i9,32,256,NVIDIA RTX 3050,374030
Lenovo,Intel Core i3,16,1024,NVIDIA RTX 3060,292156
Apple,Apple M2,64,256,Apple GPU,622311
Acer,AMD Ryzen 9,32,256,NVIDIA RTX 4070,536988
HP,AMD Ryzen 5,64,2048,NVIDIA RTX 3060,590408
Acer,Intel Core i9,8,1024,Intel Iris Xe,283399
Asus,Intel Core i5,32,2048,NVIDIA RTX 3050,434820
Apple,Apple M1,64,512,Apple GPU,580180
Acer,Intel Core i5,64,256,NVIDIA RTX 3050,460390
Asus,Intel Core i9,8,256,Intel UHD,324790
Lenovo,Intel Core i3,32,1024,AMD Radeon,272156
Asus,AMD Ryzen 7,32,2048,NVIDIA RTX 3050,469995
Lenovo,Intel Core i5,64,512,NVIDIA RTX 4070,585863
Lenovo,Intel Core i5,4,1024,AMD Radeon,182118
MSI,AMD Ryzen 9,16,1024,NVIDIA RTX 4060,524024
MSI,Intel Core i3,16,2048,NVIDIA RTX 3050,372492
MSI,Intel Core i5,64,2048,NVIDIA RTX 4070,860040
Dell,Intel Core i7,32,1024,NVIDIA RTX 4060,481132
MSI,Intel Core i5,64,2048,NVIDIA GTX 1650,603805
HP,AMD Ryzen 9,4,1024,NVIDIA RTX 4060,430622
Acer,Intel Core i9,32,512,NVIDIA RTX 4060,510503
Lenovo,Intel Core i3,64,1024,AMD Radeon,367535
MSI,Intel Core i3,4,2048,NVIDIA RTX 4070,482135
Apple,Apple M1,32,512,Apple GPU,415310
Apple,Apple M2,16,1024,Apple GPU,447558
Asus,AMD Ryzen 7,4,1024,NVIDIA RTX 4060,390607
MSI,AMD Ryzen 7,16,2048,NVIDIA RTX 4060,513352
MSI,AMD Ryzen 5,64,256,Intel Iris Xe,495249
HP,AMD Ryzen 7,8,256,NVIDIA RTX 3050,201069
Lenovo,Intel Core i3,32,512,Intel UHD,233473
Acer,Intel Core i7,4,1024,Intel Iris Xe,164668
MSI,Intel Core i3,16,1024,NVIDIA RTX 3050,288122
Lenovo,Intel Core i5,64,2048,NVIDIA GTX 1650,546909
Asus,AMD Ryzen 7,8,512,AMD Radeon,255101
Apple,Apple M2,64,512,Apple GPU,595874
Lenovo,AMD Ryzen 5,8,2048,AMD Radeon,221530
Acer,Intel Core i7,16,256,NVIDIA RTX 4070,458133
MSI,Intel Core i9,64,512,NVIDIA RTX 3050,591628
Apple,Apple M2,16,1024,Apple GPU,460160
Acer,Intel Core i9,32,1024,NVIDIA RTX 3050,452628
HP,Intel Core i9,4,512,NVIDIA RTX 4070,440919
Lenovo,AMD Ryzen 5,64,1024,NVIDIA RTX 3060,588801
Acer,Intel Core i7,32,1024,Intel Iris Xe,343883
Apple,Apple M1,64,2048,Apple GPU,599337
MSI,Intel Core i7,64,1024,NVIDIA GTX 1650,562186
HP,AMD Ryzen 7,64,1024,NVIDIA GTX 1650,483003
Acer,AMD Ryzen 9,4,256,AMD Radeon,246097
Dell,AMD Ryzen 9,4,1024,NVIDIA RTX 4070,465469
Acer,Intel Core i5,16,1024,Intel UHD,214652
Acer,Intel Core i9,8,512,AMD Radeon,267353
MSI,AMD Ryzen 5,64,1024,NVIDIA RTX 3060,608870
MSI,Intel Core i5,32,1024,NVIDIA RTX 3050,376292
Acer,AMD Ryzen 9,4,2048,NVIDIA RTX 3060,423936
Apple,Apple M1,8,2048,Apple GPU,408913
MSI,AMD Ryzen 9,4,2048,NVIDIA RTX 3060,470673
Apple,Apple M2,64,256,Apple GPU,660681
Lenovo,Intel Core i7,64,2048,NVIDIA RTX 3050,597394
MSI,AMD Ryzen 7,4,512,NVIDIA RTX 3060,312781
Lenovo,Intel Core i3,64,512,NVIDIA RTX 3060,484551
Acer,Intel Core i3,16,2048,NVIDIA RTX 4070,514472
Apple,Apple M1,4,256,Apple GPU,334504
Dell,Intel Core i9,4,512,Intel UHD,194394
Asus,Intel Core i5,32,1024,NVIDIA RTX 4060,465700
Acer,AMD Ryzen 7,64,512,NVIDIA RTX 4060,605453
Lenovo,AMD Ryzen 7,32,2048,Intel UHD,363521
Dell,Intel Core i3,8,2048,NVIDIA RTX 3060,323253
Lenovo,Intel Core i5,4,1024,NVIDIA RTX 3060,300535
Asus,AMD Ryzen 7,4,2048,NVIDIA RTX 3060,407467
Dell,Intel Core i5,32,256,Intel UHD,240206
Acer,Intel Core i5,4,1024,Intel Iris Xe,77693
HP,Intel Core i5,4,512,NVIDIA GTX 1650,152555
Asus,Intel Core i5,16,512,NVIDIA GTX 1650,279651
MSI,AMD Ryzen 5,16,512,Intel Iris Xe,210285
HP,AMD Ryzen 5,8,256,NVIDIA RTX 3050,256661
Acer,AMD Ryzen 9,8,256,Intel Iris Xe,199323
Dell,AMD Ryzen 9,64,1024,NVIDIA GTX 1650,544769
Apple,Apple M1,16,256,Apple GPU,359473
HP,AMD Ryzen 7,64,256,NVIDIA RTX 4060,596068
Acer,Intel Core i3,32,1024,NVIDIA RTX 4070,425343
Asus,AMD Ryzen 5,32,512,Intel UHD,344031
Asus,Intel Core i3,32,256,NVIDIA RTX 3050,325544
Apple,Apple M2,32,2048,Apple GPU,550510
Acer,Intel Core i3,32,256,NVIDIA RTX 4070,435406
Apple,Apple M2,64,512,Apple GPU,631369
Apple,Apple M1,16,1024,Apple GPU,381855
Lenovo,AMD Ryzen 5,32,2048,NVIDIA RTX 3050,412936
Apple,Apple M1,64,512,Apple GPU,559522
Lenovo,Intel Core i9,32,1024,NVIDIA GTX 1650,426716
MSI,Intel Core i9,32,256,NVIDIA RTX 4060,552166
Dell,Intel Core i9,16,1024,NVIDIA RTX 3060,470432
HP,AMD Ryzen 7,4,256,NVIDIA RTX 4070,354789
MSI,Intel Core i3,32,256,Intel UHD,315057
Acer,AMD Ryzen 7,8,256,NVIDIA RTX 3060,240412
Asus,AMD Ryzen 5,4,2048,NVIDIA RTX 3060,387315
Dell,AMD Ryzen 9,4,1024,NVIDIA RTX 4060,420456
Asus,Intel Core i7,4,512,NVIDIA RTX 3060,355645
HP,AMD Ryzen 7,8,256,NVIDIA RTX 4070,388569
Dell,AMD Ryzen 9,4,1024,NVIDIA RTX 3060,370516
Asus,Intel Core i5,64,256,NVIDIA RTX 4060,556195
Asus,AMD Ryzen 7,4,512,NVIDIA RTX 3050,289748
Dell,AMD Ryzen 7,16,1024,NVIDIA RTX 3050,352660
Apple,Apple M1,8,2048,Apple GPU,432040
Apple,Apple M1,4,256,Apple GPU,286537
Acer,AMD Ryzen 5,32,2048,NVIDIA GTX 1650,408204
Lenovo,Intel Core i7,16,1024,AMD Radeon,268084
Acer,Intel Core i7,4,512,Intel UHD,203632
HP,AMD Ryzen 9,4,1024,Intel Iris Xe,282604
Lenovo,AMD Ryzen 7,32,2048,NVIDIA RTX 4060,499149
Lenovo,Intel Core i7,64,256,NVIDIA GTX 1650,443126
Dell,Intel Core i9,16,2048,Intel UHD,392850
Asus,AMD Ryzen 7,4,512,NVIDIA RTX 3050,323103
Lenovo,AMD Ryzen 5,4,512,Intel Iris Xe,138753
Dell,Intel Core i5,16,1024,AMD Radeon,221102
Dell,Intel Core i3,32,2048,Intel Iris Xe,335315
HP,Intel Core i5,64,512,NVIDIA RTX 4060,512087
Asus,AMD Ryzen 5,4,2048,NVIDIA RTX 3060,406745
MSI,AMD Ryzen 7,32,256,Intel Iris Xe,333539
Lenovo,Intel Core i3,64,2048,NVIDIA RTX 3060,538383
Asus,Intel Core i9,16,256,NVIDIA RTX 4060,497587
Lenovo,Intel Core i3,8,2048,NVIDIA RTX 3060,333861
MSI,AMD Ryzen 7,4,2048,NVIDIA RTX 3060,455850
MSI,Intel Core i3,32,2048,NVIDIA GTX 1650,433388
Asus,Intel Core i3,16,1024,NVIDIA RTX 4060,371325
HP,Intel Core i7,4,256,AMD Radeon,185760
Asus,AMD Ryzen 5,16,1024,NVIDIA GTX 1650,306514
Acer,AMD Ryzen 9,8,256,AMD Radeon,248093
HP,Intel Core i7,8,512,NVIDIA GTX 1650,235797
MSI,AMD Ryzen 9,8,2048,Intel UHD,397012
Lenovo,AMD Ryzen 9,64,1024,NVIDIA RTX 4070,754247
MSI,AMD Ryzen 7,8,2048,NVIDIA RTX 3060,427169
Apple,Apple M2,32,1024,Apple GPU,579030
MSI,Intel Core i7,16,256,Intel Iris Xe,244473
Dell,Intel Core i9,4,256,NVIDIA RTX 4070,411045
Dell,AMD Ryzen 9,4,256,NVIDIA RTX 3050,324095
Asus,AMD Ryzen 5,32,256,NVIDIA RTX 4060,458469
Lenovo,AMD Ryzen 9,16,2048,NVIDIA GTX 1650,431125
Asus,Intel Core i5,32,256,Intel Iris Xe,314927
MSI,AMD Ryzen 9,4,512,NVIDIA RTX 3060,403094
Apple,Apple M1,32,2048,Apple GPU,497250
Asus,AMD Ryzen 5,16,1024,AMD Radeon,275548
Dell,Intel Core i9,16,256,NVIDIA RTX 4060,392614
MSI,AMD Ryzen 7,4,1024,NVIDIA RTX 3060,403409
Apple,Apple M2,16,1024,Apple GPU,450051
Acer,AMD Ryzen 9,16,256,AMD Radeon,249491
Asus,AMD Ryzen 7,16,1024,AMD Radeon,306206
Acer,AMD Ryzen 7,8,256,NVIDIA RTX 4060,333959
Dell,AMD Ryzen 5,16,512,NVIDIA RTX 4060,312703
Acer,AMD Ryzen 7,32,1024,Intel UHD,303404
Apple,Apple M2,16,512,Apple GPU,432448
HP,Intel Core i7,8,512,NVIDIA RTX 4070,426925
HP,Intel Core i5,16,256,Intel UHD,161048
Asus,AMD Ryzen 9,16,512,Intel Iris Xe,329180
Asus,Intel Core i9,8,512,AMD Radeon,315363
MSI,AMD Ryzen 7,32,256,AMD Radeon,298903
Lenovo,Intel Core i7,32,1024,NVIDIA GTX 1650,328832
MSI,AMD Ryzen 7,8,512,NVIDIA RTX 4070,455742
Dell,AMD Ryzen 9,8,1024,NVIDIA RTX 4070,498248
Acer,AMD Ryzen 5,32,1024,NVIDIA RTX 4070,515604
MSI,Intel Core i9,8,512,NVIDIA RTX 4060,488930
MSI,AMD Ryzen 5,16,256,AMD Radeon,254584
Acer,Intel Core i9,64,256,NVIDIA RTX 3060,579355
Acer,AMD Ryzen 9,16,256,Intel UHD,271912
MSI,Intel Core i5,32,512,NVIDIA RTX 3050,353324
MSI,Intel Core i9,8,2048,Intel UHD,393801
Dell,Intel Core i3,4,2048,NVIDIA RTX 4060,314009
Asus,Intel Core i7,32,256,NVIDIA GTX 1650,389831
Dell,Intel Core i5,16,256,Intel Iris Xe,152144
MSI,AMD Ryzen 7,8,512,NVIDIA RTX 3060,378950
Apple,Apple M2,32,512,Apple GPU,535003
MSI,AMD Ryzen 7,32,256,NVIDIA RTX 4070,558535
Apple,Apple M1,16,512,Apple GPU,381241
MSI,Intel Core i5,4,1024,NVIDIA RTX 4060,381586
HP,Intel Core i7,4,512,Intel UHD,169880
Lenovo,AMD Ryzen 7,4,256,NVIDIA RTX 4070,395430
MSI,Intel Core i9,64,512,Intel Iris Xe,542784
Acer,Intel Core i5,32,256,NVIDIA RTX 3050,314076
Asus,Intel Core i7,64,2048,NVIDIA GTX 1650,592446
HP,AMD Ryzen 7,64,1024,Intel UHD,460382
Apple,Apple M1,32,2048,Apple GPU,536040
Apple,Apple M2,16,1024,Apple GPU,494481
Acer,Intel Core i3,4,1024,NVIDIA RTX 3060,263969
HP,AMD Ryzen 7,64,1024,Intel UHD,519560
HP,Intel Core i3,64,1024,NVIDIA RTX 3060,466170
MSI,AMD Ryzen 7,32,2048,AMD Radeon,463045
Acer,Intel Core i5,4,2048,AMD Radeon,229831
Apple,Apple M2,8,256,Apple GPU,438956
MSI,Intel Core i5,16,1024,Intel Iris Xe,250970
Asus,Intel Core i9,16,256,NVIDIA RTX 4070,527096
MSI,AMD Ryzen 7,16,1024,NVIDIA GTX 1650,340177
MSI,AMD Ryzen 9,16,1024,Intel Iris Xe,311696
Apple,Apple M2,32,2048,Apple GPU,563178
Acer,Intel Core i9,16,512,NVIDIA RTX 4060,404571
Lenovo,AMD Ryzen 7,16,1024,NVIDIA RTX 4070,486122
MSI,Intel Core i3,4,2048,NVIDIA RTX 4060,387137
Asus,AMD Ryzen 9,64,1024,AMD Radeon,623059
Dell,Intel Core i3,16,1024,Intel UHD,202562
Dell,Intel Core i9,8,2048,NVIDIA RTX 4060,461677
Dell,Intel Core i9,16,2048,Intel Iris Xe,347100
Dell,AMD Ryzen 7,4,2048,Intel Iris Xe,280110
Dell,AMD Ryzen 5,4,512,AMD Radeon,102632
MSI,AMD Ryzen 5,4,512,NVIDIA RTX 4070,468249
Apple,Apple M1,16,1024,Apple GPU,431328
Lenovo,AMD Ryzen 5,64,512,Intel Iris Xe,376490
Acer,Intel Core i9,16,2048,NVIDIA RTX 3060,435651
MSI,Intel Core i3,64,1024,AMD Radeon,469539
Lenovo,Intel Core i7,8,256,NVIDIA RTX 3050,249797
Apple,Apple M1,32,2048,Apple GPU,556606
Asus,Intel Core i3,16,2048,NVIDIA RTX 3050,313851
HP,AMD Ryzen 5,32,512,NVIDIA RTX 3050,308930
Apple,Apple M1,4,2048,Apple GPU,405580
HP,AMD Ryzen 7,4,1024,NVIDIA RTX 4070,433207
Acer,Intel Core i7,64,1024,Intel UHD,447188
Dell,AMD Ryzen 9,8,1024,AMD Radeon,299095
Asus,Intel Core i5,8,512,Intel UHD,181934
HP,AMD Ryzen 9,4,1024,NVIDIA RTX 4070,483542
Asus,AMD Ryzen 5,32,512,NVIDIA RTX 3060,426238
Asus,Intel Core i3,16,2048,Intel UHD,302976
Acer,AMD Ryzen 7,64,2048,NVIDIA RTX 4070,758818
MSI,Intel Core i9,8,1024,Intel UHD,306117
Acer,Intel Core i3,32,1024,NVIDIA RTX 4070,422613
HP,AMD Ryzen 9,8,2048,AMD Radeon,374235
Asus,AMD Ryzen 9,4,512,Intel Iris Xe,301472
Dell,Intel Core i5,16,512,AMD Radeon,168565
Dell,AMD Ryzen 5,4,1024,NVIDIA RTX 3050,280424
HP,AMD Ryzen 7,8,1024,NVIDIA RTX 3050,298897
Asus,AMD Ryzen 5,64,512,Intel UHD,477918
Asus,AMD Ryzen 5,8,1024,AMD Radeon,241957
MSI,AMD Ryzen 5,4,256,Intel Iris Xe,237987
Apple,Apple M2,8,2048,Apple GPU,526513
Asus,AMD Ryzen 7,32,1024,Intel Iris Xe,374939
Acer,Intel Core i7,8,2048,NVIDIA RTX 4070,532526
Dell,Intel Core i9,4,512,Intel UHD,254576
Lenovo,Intel Core i9,32,512,NVIDIA RTX 4070,613841
Dell,AMD Ryzen 5,16,1024,AMD Radeon,191017
Acer,AMD Ryzen 9,32,512,NVIDIA RTX 3060,483667
MSI,Intel Core i7,16,512,Intel UHD,316097
Lenovo,Intel Core i3,32,512,NVIDIA RTX 3050,235002
HP,Intel Core i3,16,2048,Intel Iris Xe,200179
MSI,AMD Ryzen 5,8,512,NVIDIA RTX 4060,293924
MSI,Intel Core i7,8,512,NVIDIA RTX 3060,357024
Lenovo,AMD Ryzen 5,32,1024,NVIDIA RTX 4070,526907
Lenovo,Intel Core i3,32,2048,Intel UHD,341562
HP,Intel Core i5,4,256,NVIDIA RTX 3060,238360
Dell,Intel Core i9,16,256,NVIDIA RTX 4070,540115
MSI,Intel Core i3,8,1024,NVIDIA RTX 4060,299014
Acer,Intel Core i7,16,256,NVIDIA RTX 4060,308485
Lenovo,Intel Core i3,16,1024,NVIDIA GTX 1650,216298
Apple,Apple M2,64,2048,Apple GPU,721913
MSI,AMD Ryzen 5,64,256,NVIDIA RTX 3050,499491
HP,Intel Core i3,16,1024,NVIDIA RTX 4060,257667
Asus,Intel Core i7,8,2048,AMD Radeon,336238
Asus,Intel Core i3,4,512,Intel Iris Xe,116968
Acer,Intel Core i7,64,2048,NVIDIA RTX 4070,757653
HP,AMD Ryzen 5,16,1024,AMD Radeon,228032
HP,Intel Core i9,64,1024,NVIDIA RTX 3050,558672
Asus,AMD Ryzen 9,64,1024,NVIDIA RTX 4070,779014
Lenovo,AMD Ryzen 9,16,1024,Intel Iris Xe,285695
Acer,Intel Core i3,64,1024,NVIDIA RTX 4060,513558
MSI,AMD Ryzen 7,64,2048,Intel Iris Xe,598787
Dell,AMD Ryzen 7,4,2048,NVIDIA GTX 1650,280733
HP,AMD Ryzen 5,8,512,NVIDIA RTX 4060,309025
Apple,Apple M1,8,256,Apple GPU,307738
Lenovo,Intel Core i7,8,2048,NVIDIA RTX 4060,400073
Acer,Intel Core i5,64,2048,NVIDIA RTX 4060,610961
MSI,AMD Ryzen 9,8,512,Intel Iris Xe,280135
Asus,Intel Core i7,64,2048,NVIDIA RTX 4070,779245
Dell,Intel Core i5,64,1024,NVIDIA RTX 4070,607099
Asus,Intel Core i7,64,2048,NVIDIA RTX 3050,696354
HP,Intel Core i5,64,1024,NVIDIA RTX 3050,488482
HP,Intel Core i7,8,2048,NVIDIA RTX 3050,333164
Dell,Intel Core i9,64,1024,NVIDIA RTX 3060,632450
Dell,Intel Core i3,32,1024,NVIDIA RTX 4060,378739
MSI,AMD Ryzen 9,16,256,AMD Radeon,321896
Dell,AMD Ryzen 7,16,2048,Intel UHD,333550
Acer,Intel Core i7,8,512,NVIDIA RTX 4070,441172
MSI,AMD Ryzen 5,64,1024,NVIDIA RTX 3050,528353
HP,Intel Core i3,8,256,NVIDIA GTX 1650,125773
Acer,AMD Ryzen 5,8,256,NVIDIA GTX 1650,175832
Apple,Apple M2,16,2048,Apple GPU,447082
Apple,Apple M1,4,512,Apple GPU,277911
Lenovo,AMD Ryzen 7,32,512,NVIDIA RTX 4070,558193
MSI,Intel Core i7,16,256,NVIDIA RTX 3060,429371
MSI,Intel Core i3,64,256,NVIDIA GTX 1650,423978
HP,Intel Core i9,4,2048,AMD Radeon,338065
MSI,Intel Core i9,16,256,AMD Radeon,336694
Apple,Apple M2,64,256,Apple GPU,697193
Dell,Intel Core i7,64,2048,NVIDIA RTX 4070,770160
HP,AMD Ryzen 9,16,512,NVIDIA RTX 4070,505518
MSI,Intel Core i3,8,2048,NVIDIA RTX 3060,339952
Acer,Intel Core i7,4,1024,AMD Radeon,164843
MSI,Intel Core i7,8,2048,NVIDIA GTX 1650,386072
MSI,Intel Core i9,4,2048,NVIDIA RTX 3060,467807
Acer,Intel Core i3,8,2048,AMD Radeon,160175
Dell,Intel Core i5,16,2048,Intel Iris Xe,256800
HP,Intel Core i9,16,1024,NVIDIA RTX 3050,354575
Asus,AMD Ryzen 7,16,1024,Intel Iris Xe,362042
Acer,Intel Core i5,4,2048,Intel Iris Xe,249244
Dell,Intel Core i5,64,1024,NVIDIA RTX 4060,556778
Acer,Intel Core i3,16,512,NVIDIA RTX 3050,258315
HP,Intel Core i5,8,2048,NVIDIA RTX 4070,465967
Acer,AMD Ryzen 5,32,2048,NVIDIA RTX 3060,428751
MSI,AMD Ryzen 5,8,256,NVIDIA GTX 1650,281422
Asus,Intel Core i9,4,256,NVIDIA RTX 3060,404181
Apple,Apple M1,64,512,Apple GPU,541399
HP,Intel Core i7,4,512,NVIDIA RTX 4070,398143
Acer,AMD Ryzen 5,4,2048,NVIDIA RTX 4070,422794
MSI,Intel Core i3,8,2048,NVIDIA RTX 4070,439273
Lenovo,AMD Ryzen 5,64,2048,Intel Iris Xe,500684
Acer,AMD Ryzen 9,4,2048,NVIDIA RTX 3050,444617
Dell,AMD Ryzen 9,8,256,Intel Iris Xe,200199
Apple,Apple M2,16,256,Apple GPU,427091
Asus,Intel Core i3,32,256,Intel UHD,237673
Dell,Intel Core i9,8,2048,AMD Radeon,325174
Dell,Intel Core i9,32,2048,NVIDIA RTX 4070,644726
Apple,Apple M1,16,256,Apple GPU,331821
HP,AMD Ryzen 5,64,512,NVIDIA RTX 4060,529882
Acer,Intel Core i5,4,1024,Intel Iris Xe,144699
Lenovo,AMD Ryzen 7,64,2048,NVIDIA RTX 4060,663155
MSI,Intel Core i5,32,1024,NVIDIA GTX 1650,380465
HP,Intel Core i7,4,256,NVIDIA GTX 1650,201859
MSI,AMD Ryzen 7,64,256,NVIDIA RTX 4060,586369
HP,Intel Core i5,4,256,Intel UHD,109065
Lenovo,AMD Ryzen 5,8,256,Intel Iris Xe,162780
Lenovo,Intel Core i9,64,512,NVIDIA GTX 1650,542459
MSI,AMD Ryzen 9,8,1024,Intel Iris Xe,310204
HP,AMD Ryzen 9,64,1024,NVIDIA RTX 3060,629261
HP,Intel Core i7,64,512,AMD Radeon,452123
Lenovo,Intel Core i7,4,512,NVIDIA RTX 3050,204124
Acer,AMD Ryzen 7,64,2048,NVIDIA RTX 4060,670742
Apple,Apple M2,32,1024,Apple GPU,502441
Acer,Intel Core i9,8,1024,NVIDIA RTX 4060,436643
Lenovo,Intel Core i5,8,512,NVIDIA RTX 4070,357194
Dell,AMD Ryzen 9,32,256,AMD Radeon,288984
Asus,Intel Core i9,64,512,NVIDIA RTX 4060,636189
Lenovo,Intel Core i5,8,1024,NVIDIA RTX 3050,255318
Acer,Intel Core i3,16,256,NVIDIA RTX 4070,363060
Asus,AMD Ryzen 7,4,1024,NVIDIA GTX 1650,281661
Lenovo,AMD Ryzen 7,4,512,Intel Iris Xe,198787
MSI,AMD Ryzen 9,32,512,NVIDIA GTX 1650,404504
MSI,Intel Core i7,4,512,NVIDIA RTX 3050,304296
HP,AMD Ryzen 7,32,512,Intel UHD,264128
Acer,AMD Ryzen 5,32,512,NVIDIA GTX 1650,279674
Asus,Intel Core i7,32,2048,NVIDIA RTX 3050,509613
Asus,AMD Ryzen 7,16,1024,NVIDIA RTX 3060,402422
Dell,AMD Ryzen 5,32,256,NVIDIA RTX 4070,453568
MSI,AMD Ryzen 7,16,512,NVIDIA RTX 4070,537049
Dell,Intel Core i7,4,512,NVIDIA RTX 4060,303996
Acer,Intel Core i5,16,2048,Intel Iris Xe,298008
Dell,Intel Core i5,16,512,NVIDIA GTX 1650,199668
Lenovo,AMD Ryzen 5,32,1024,NVIDIA GTX 1650,340989
Dell,AMD Ryzen 9,32,2048,NVIDIA RTX 4070,701272
HP,AMD Ryzen 7,8,512,NVIDIA RTX 3060,240203
Acer,AMD Ryzen 5,8,256,NVIDIA RTX 4070,342026
Asus,Intel Core i3,4,256,Intel UHD,155043
Lenovo,Intel Core i5,4,512,NVIDIA GTX 1650,175390
Apple,Apple M1,64,2048,Apple GPU,665952
Dell,Intel Core i3,32,256,NVIDIA RTX 4070,405769
Apple,Apple M2,4,256,Apple GPU,363807
Asus,AMD Ryzen 7,64,1024,NVIDIA RTX 3050,580472
Apple,Apple M2,8,256,Apple GPU,410545
Apple,Apple M1,8,512,Apple GPU,343786
Asus,AMD Ryzen 5,16,1024,NVIDIA RTX 3050,352326
MSI,Intel Core i9,16,2048,Intel UHD,416224
Lenovo,AMD Ryzen 5,8,1024,NVIDIA GTX 1650,212626
Acer,AMD Ryzen 9,4,256,Intel UHD,210374
Lenovo,Intel Core i9,64,2048,NVIDIA RTX 4060,722202
Apple,Apple M1,8,256,Apple GPU,310776
Lenovo,AMD Ryzen 9,16,256,NVIDIA RTX 4060,419496
Asus,Intel Core i3,8,2048,NVIDIA GTX 1650,354711
Dell,Intel Core i3,16,256,Intel UHD,157657
HP,AMD Ryzen 9,4,512,NVIDIA RTX 3060,338771
Asus,Intel Core i5,4,1024,NVIDIA RTX 4060,395794
HP,AMD Ryzen 5,64,2048,NVIDIA GTX 1650,505290
Acer,AMD Ryzen 5,32,512,NVIDIA RTX 3060,310634
MSI,AMD Ryzen 7,64,1024,Intel UHD,487276
Apple,Apple M1,32,512,Apple GPU,384785
MSI,Intel Core i3,64,2048,NVIDIA RTX 3060,590264
MSI,Intel Core i7,16,2048,Intel Iris Xe,372587
Lenovo,Intel Core i5,64,2048,NVIDIA RTX 3060,632739
Lenovo,Intel Core i5,4,1024,NVIDIA RTX 4060,315889
MSI,Intel Core i5,4,1024,Intel UHD,217310
HP,Intel Core i9,32,1024,AMD Radeon,404918
Dell,Intel Core i3,4,1024,Intel UHD,64632
Lenovo,Intel Core i7,4,512,NVIDIA RTX 3050,257083
Apple,Apple M1,32,2048,Apple GPU,543626
Asus,AMD Ryzen 5,4,256,NVIDIA RTX 4060,278595
Apple,Apple M2,64,256,Apple GPU,643398
Asus,AMD Ryzen 5,32,256,NVIDIA RTX 3060,418070
Dell,Intel Core i9,4,512,NVIDIA RTX 4060,364088
Asus,AMD Ryzen 5,32,512,AMD Radeon,329285
HP,Intel Core i7,16,2048,NVIDIA RTX 3050,449101
HP,Intel Core i3,32,1024,AMD Radeon,247918
Lenovo,Intel Core i7,4,1024,NVIDIA RTX 4070,438801
Dell,Intel Core i5,64,512,NVIDIA RTX 4070,599162
Lenovo,Intel Core i3,16,256,AMD Radeon,109816
Lenovo,Intel Core i7,16,2048,NVIDIA RTX 4060,478558
Dell,Intel Core i9,16,1024,AMD Radeon,291341
Asus,AMD Ryzen 7,32,1024,NVIDIA GTX 1650,425551
HP,Intel Core i9,16,2048,NVIDIA RTX 3060,469995
Asus,AMD Ryzen 9,16,2048,NVIDIA GTX 1650,482691
Dell,AMD Ryzen 9,16,256,NVIDIA RTX 4060,420717
Asus,Intel Core i5,64,256,AMD Radeon,459742
Acer,Intel Core i9,32,1024,NVIDIA GTX 1650,409383
MSI,AMD Ryzen 7,32,2048,Intel UHD,431292
HP,AMD Ryzen 7,8,1024,NVIDIA RTX 3050,268470
Acer,Intel Core i5,32,256,NVIDIA RTX 4060,368508
Lenovo,AMD Ryzen 5,64,2048,NVIDIA RTX 4070,707824
Asus,AMD Ryzen 5,64,256,NVIDIA RTX 4060,590945
MSI,Intel Core i7,4,512,Intel UHD,210996
Acer,AMD Ryzen 7,8,256,NVIDIA RTX 3060,318855
Asus,AMD Ryzen 7,16,2048,NVIDIA RTX 4060,548761
Apple,Apple M1,4,1024,Apple GPU,359993
HP,AMD Ryzen 5,32,1024,NVIDIA GTX 1650,378436
Lenovo,Intel Core i9,16,256,AMD Radeon,250928
Lenovo,Intel Core i3,32,256,NVIDIA RTX 3050,235057
Apple,Apple M1,16,1024,Apple GPU,349093
Dell,Intel Core i9,64,2048,NVIDIA GTX 1650,655524
Dell,Intel Core i9,32,2048,Intel UHD,456988
Dell,Intel Core i3,4,256,NVIDIA RTX 3050,151354
Apple,Apple M2,4,512,Apple GPU,383418
Acer,Intel Core i5,64,512,AMD Radeon,358245
Dell,AMD Ryzen 5,32,512,NVIDIA RTX 4060,463087
MSI,Intel Core i9,8,2048,AMD Radeon,397907
Lenovo,Intel Core i3,32,2048,NVIDIA GTX 1650,344537
Lenovo,Intel Core i3,8,1024,NVIDIA GTX 1650,204658
MSI,AMD Ryzen 7,64,256,Intel UHD,485972
MSI,AMD Ryzen 9,16,1024,AMD Radeon,376965
HP,Intel Core i9,16,2048,Intel UHD,350099
Asus,AMD Ryzen 7,64,2048,NVIDIA RTX 3060,696543
Asus,Intel Core i9,16,1024,Intel UHD,423060
MSI,Intel Core i9,16,256,AMD Radeon,365442
Acer,Intel Core i5,4,512,NVIDIA RTX 3060,294825
Dell,Intel Core i3,16,512,AMD Radeon,133462
Asus,Intel Core i9,64,512,NVIDIA RTX 4060,653923
Asus,Intel Core i9,8,2048,NVIDIA RTX 4060,529818
Acer,AMD Ryzen 5,64,512,AMD Radeon,391082
Lenovo,Intel Core i7,8,1024,AMD Radeon,256600
MSI,Intel Core i9,16,256,Intel Iris Xe,280988
Lenovo,Intel Core i5,32,2048,NVIDIA GTX 1650,425718
Lenovo,AMD Ryzen 7,32,2048,NVIDIA RTX 4070,601203
Lenovo,Intel Core i5,64,256,Intel UHD,363432
MSI,AMD Ryzen 9,16,256,NVIDIA GTX 1650,341604
Dell,Intel Core i5,8,2048,NVIDIA RTX 3050,264909
Asus,AMD Ryzen 7,64,256,NVIDIA RTX 4070,717885
Asus,Intel Core i3,64,1024,NVIDIA RTX 3050,503439
Asus,AMD Ryzen 9,32,512,Intel Iris Xe,373132
Lenovo,Intel Core i3,16,256,NVIDIA GTX 1650,139136
Lenovo,Intel Core i7,4,2048,NVIDIA RTX 3060,368300
MSI,Intel Core i3,8,1024,NVIDIA GTX 1650,286479
MSI,AMD Ryzen 7,8,512,NVIDIA RTX 4060,385097
MSI,Intel Core i5,4,1024,NVIDIA GTX 1650,223315
Asus,Intel Core i7,16,1024,AMD Radeon,308310
Dell,AMD Ryzen 5,64,256,NVIDIA RTX 3050,437219
HP,AMD Ryzen 9,4,1024,NVIDIA RTX 4060,329127
MSI,AMD Ryzen 7,8,512,AMD Radeon,251804
HP,AMD Ryzen 7,8,2048,NVIDIA RTX 3060,387896
Lenovo,Intel Core i5,32,2048,NVIDIA RTX 3050,430350
Lenovo,Intel Core i3,32,1024,Intel UHD,294263
Acer,Intel Core i7,32,1024,NVIDIA RTX 4070,579980
Asus,Intel Core i3,32,1024,Intel UHD,290985
MSI,Intel Core i3,8,2048,NVIDIA RTX 4060,363554
MSI,Intel Core i5,16,1024,NVIDIA RTX 4070,567381
MSI,Intel Core i7,64,512,NVIDIA RTX 3060,599679
Asus,AMD Ryzen 9,16,256,NVIDIA RTX 4070,550826
Apple,Apple M1,32,256,Apple GPU,421890
Apple,Apple M1,32,2048,Apple GPU,527702
Apple,Apple M2,8,512,Apple GPU,388299
Acer,Intel Core i7,16,256,AMD Radeon,200891
Acer,Intel Core i7,4,1024,NVIDIA RTX 3050,263797
Acer,AMD Ryzen 7,4,2048,AMD Radeon,265523
Acer,Intel Core i7,32,256,NVIDIA GTX 1650,310153
Acer,Intel Core i3,8,2048,Intel Iris Xe,179899
Apple,Apple M1,64,512,Apple GPU,573192
Asus,AMD Ryzen 7,4,256,NVIDIA RTX 4070,437711
Acer,Intel Core i7,32,512,Intel UHD,339605
Lenovo,Intel Core i3,32,256,NVIDIA GTX 1650,168162
Acer,AMD Ryzen 9,4,1024,Intel UHD,295444
Dell,Intel Core i7,32,512,AMD Radeon,332435
Acer,AMD Ryzen 7,4,256,AMD Radeon,109159
Asus,AMD Ryzen 7,32,1024,AMD Radeon,372334
Acer,Intel Core i5,32,2048,AMD Radeon,331170
MSI,Intel Core i5,4,512,Intel UHD,155805
MSI,Intel Core i3,16,2048,NVIDIA RTX 4060,406052
Dell,AMD Ryzen 9,8,1024,AMD Radeon,250906
Acer,Intel Core i3,64,1024,NVIDIA GTX 1650,466715
MSI,AMD Ryzen 7,16,512,Intel Iris Xe,312686
Asus,AMD Ryzen 5,32,1024,NVIDIA GTX 1650,417211
Acer,Intel Core i3,32,2048,NVIDIA GTX 1650,361558
Apple,Apple M1,32,256,Apple GPU,391171
Asus,Intel Core i3,16,512,NVIDIA RTX 3060,299892
Lenovo,AMD Ryzen 9,16,512,NVIDIA RTX 4060,439279
MSI,Intel Core i9,4,256,Intel UHD,244026
Apple,Apple M2,8,256,Apple GPU,397901
Apple,Apple M2,64,1024,Apple GPU,647620
Acer,AMD Ryzen 7,32,2048,NVIDIA RTX 4060,511776
Apple,Apple M1,16,256,Apple GPU,375606
Dell,Intel Core i3,8,1024,NVIDIA GTX 1650,196832
Lenovo,AMD Ryzen 5,16,2048,Intel UHD,264739
Acer,AMD Ryzen 9,4,512,NVIDIA GTX 1650,310562
Apple,Apple M2,4,2048,Apple GPU,430981
Asus,AMD Ryzen 5,16,512,Intel Iris Xe,262096
Apple,Apple M1,8,256,Apple GPU,338968
HP,Intel Core i9,64,1024,NVIDIA RTX 3060,617897
HP,Intel Core i7,16,256,AMD Radeon,225906
MSI,Intel Core i3,32,1024,NVIDIA RTX 3060,374880
Asus,Intel Core i3,64,256,NVIDIA RTX 3050,484387
Lenovo,Intel Core i9,4,2048,NVIDIA RTX 3060,428095
MSI,AMD Ryzen 5,16,512,AMD Radeon,230443
Dell,AMD Ryzen 9,64,256,Intel UHD,501762
HP,AMD Ryzen 7,4,256,Intel Iris Xe,147220
HP,Intel Core i3,16,2048,NVIDIA RTX 4070,416319
HP,Intel Core i5,64,2048,Intel Iris Xe,431662
HP,Intel Core i7,32,1024,NVIDIA GTX 1650,384808
Dell,AMD Ryzen 9,64,1024,Intel UHD,479706
Apple,Apple M1,8,512,Apple GPU,385497
MSI,AMD Ryzen 5,32,256,Intel Iris Xe,239583
Lenovo,AMD Ryzen 9,16,1024,NVIDIA RTX 3050,431804
Apple,Apple M2,4,1024,Apple GPU,409967
HP,Intel Core i7,64,512,NVIDIA RTX 3050,498045
Lenovo,Intel Core i7,8,512,NVIDIA RTX 4070,404965
HP,Intel Core i3,4,512,NVIDIA RTX 4060,247729
Asus,Intel Core i7,16,256,Intel Iris Xe,271395
MSI,AMD Ryzen 7,16,256,NVIDIA RTX 4060,442112
HP,AMD Ryzen 5,32,2048,NVIDIA GTX 1650,386370
Apple,Apple M1,16,256,Apple GPU,360018
Apple,Apple M1,64,2048,Apple GPU,645527
Acer,Intel Core i7,4,256,NVIDIA RTX 4070,387618
Asus,Intel Core i5,4,256,NVIDIA RTX 4060,328257
Lenovo,AMD Ryzen 7,8,1024,AMD Radeon,178637
Dell,AMD Ryzen 9,32,1024,NVIDIA RTX 3060,455581
Dell,Intel Core i9,8,256,NVIDIA RTX 3050,329244
HP,Intel Core i5,8,256,Intel UHD,146531
HP,Intel Core i9,16,2048,NVIDIA RTX 4070,589360
Apple,Apple M2,8,2048,Apple GPU,478227
Dell,Intel Core i9,4,256,NVIDIA RTX 3050,301563
HP,AMD Ryzen 9,64,256,NVIDIA RTX 3050,527094
HP,AMD Ryzen 9,8,256,NVIDIA RTX 3060,328643
Acer,Intel Core i5,32,256,NVIDIA RTX 3060,358503
Acer,Intel Core i7,8,256,NVIDIA RTX 3050,225780
Lenovo,AMD Ryzen 9,64,512,NVIDIA RTX 4070,720584
Apple,Apple M2,4,512,Apple GPU,328301
Apple,Apple M1,4,512,Apple GPU,348645
HP,Intel Core i5,16,256,NVIDIA RTX 4060,327278
Asus,AMD Ryzen 5,4,256,NVIDIA RTX 3050,257317
Apple,Apple M1,32,512,Apple GPU,464113
Apple,Apple M2,4,256,Apple GPU,407701
Lenovo,Intel Core i3,64,2048,AMD Radeon,461436
MSI,AMD Ryzen 7,32,256,NVIDIA RTX 4060,426983
Lenovo,AMD Ryzen 7,8,1024,NVIDIA RTX 4060,329608
HP,Intel Core i5,16,2048,NVIDIA RTX 3050,326906
HP,Intel Core i3,16,2048,NVIDIA GTX 1650,275501
Lenovo,AMD Ryzen 5,4,256,NVIDIA RTX 4070,361892
Dell,Intel Core i9,32,512,AMD Radeon,333219
Acer,AMD Ryzen 9,64,256,NVIDIA GTX 1650,519493
Lenovo,AMD Ryzen 9,32,2048,NVIDIA RTX 3060,528995
Dell,AMD Ryzen 5,32,1024,NVIDIA RTX 3060,378761
HP,Intel Core i3,64,512,NVIDIA RTX 3060,419927
Apple,Apple M2,4,2048,Apple GPU,435370
Asus,Intel Core i7,8,256,NVIDIA GTX 1650,243203
HP,AMD Ryzen 7,16,256,NVIDIA GTX 1650,231410
MSI,Intel Core i5,16,512,NVIDIA RTX 4060,413264
HP,Intel Core i5,16,256,NVIDIA RTX 3060,259947
Acer,AMD Ryzen 7,64,512,NVIDIA RTX 3060,615614
Asus,Intel Core i5,64,1024,NVIDIA RTX 4070,709715
HP,Intel Core i9,4,256,Intel Iris Xe,227537
HP,AMD Ryzen 5,4,2048,NVIDIA GTX 1650,242572
Apple,Apple M2,64,512,Apple GPU,645302
MSI,Intel Core i5,8,1024,NVIDIA RTX 3060,335279
Apple,Apple M1,8,512,Apple GPU,340105
MSI,Intel Core i3,4,1024,NVIDIA RTX 3060,364072
Acer,AMD Ryzen 7,64,256,NVIDIA RTX 4060,553328
Dell,Intel Core i7,8,512,NVIDIA RTX 3060,340864
Acer,Intel Core i9,16,512,NVIDIA RTX 4070,489525
Acer,AMD Ryzen 5,8,512,NVIDIA RTX 3060,266241
Lenovo,Intel Core i7,8,512,NVIDIA RTX 3050,316442
Acer,Intel Core i3,64,256,NVIDIA RTX 4060,455169
HP,AMD Ryzen 5,64,512,NVIDIA RTX 3060,551118
Acer,AMD Ryzen 5,32,512,Intel UHD,275770
Dell,AMD Ryzen 7,8,1024,Intel UHD,210543
Dell,Intel Core i5,16,2048,Intel UHD,292356
Apple,Apple M2,8,512,Apple GPU,419352
Acer,Intel Core i3,16,256,NVIDIA RTX 3060,261926
Acer,Intel Core i3,32,2048,Intel Iris Xe,256144
Acer,Intel Core i9,32,2048,AMD Radeon,418582
Lenovo,Intel Core i7,4,2048,NVIDIA RTX 4060,398555
MSI,AMD Ryzen 9,8,2048,NVIDIA GTX 1650,433947
Apple,Apple M1,16,256,Apple GPU,373095
Dell,Intel Core i7,4,1024,Intel UHD,214441
HP,Intel Core i9,4,256,AMD Radeon,185279
Dell,AMD Ryzen 5,4,2048,NVIDIA RTX 4070,457705
Acer,Intel Core i5,8,256,NVIDIA RTX 4060,297755
Apple,Apple M2,8,512,Apple GPU,407876
Lenovo,AMD Ryzen 7,16,1024,NVIDIA RTX 3050,359087
HP,Intel Core i3,32,2048,Intel Iris Xe,322978
HP,Intel Core i3,4,2048,NVIDIA RTX 3060,307001
Apple,Apple M2,64,2048,Apple GPU,709284
HP,Intel Core i3,8,512,Intel Iris Xe,68138
Acer,Intel Core i7,32,256,Intel UHD,295503
Dell,AMD Ryzen 9,32,2048,NVIDIA RTX 4060,583569
Acer,Intel Core i7,64,2048,Intel UHD,524186
HP,Intel Core i7,16,512,NVIDIA RTX 4060,334581
Lenovo,Intel Core i3,32,2048,NVIDIA RTX 3050,339241
Dell,Intel Core i5,64,256,NVIDIA RTX 3050,474079
HP,AMD Ryzen 9,4,1024,Intel UHD,264000
MSI,AMD Ryzen 5,64,512,NVIDIA RTX 4060,603079
Asus,Intel Core i3,64,2048,NVIDIA RTX 4060,628622
Asus,AMD Ryzen 7,64,512,NVIDIA RTX 4070,710062
Lenovo,Intel Core i7,32,256,Intel UHD,309645
Asus,AMD Ryzen 5,4,2048,AMD Radeon,265990
HP,Intel Core i5,8,512,NVIDIA GTX 1650,200385
Apple,Apple M2,4,2048,Apple GPU,448183
HP,AMD Ryzen 9,64,1024,AMD Radeon,503222
Dell,AMD Ryzen 7,4,2048,Intel UHD,257839
Asus,Intel Core i9,16,2048,NVIDIA RTX 3060,545050
MSI,Intel Core i3,4,2048,NVIDIA RTX 4060,364327
HP,Intel Core i5,4,256,Intel UHD,160011
MSI,Intel Core i7,32,1024,NVIDIA RTX 3060,468191
Lenovo,AMD Ryzen 7,64,2048,NVIDIA RTX 4070,733839
Apple,Apple M1,16,2048,Apple GPU,443252
HP,AMD Ryzen 5,4,2048,NVIDIA RTX 4060,403962
Dell,AMD Ryzen 7,4,2048,NVIDIA GTX 1650,313601
Dell,Intel Core i7,16,1024,Intel Iris Xe,288225
Dell,Intel Core i7,4,512,NVIDIA RTX 4070,362134
HP,Intel Core i7,16,1024,NVIDIA RTX 4070,489366
Acer,Intel Core i9,8,2048,Intel UHD,363446
HP,AMD Ryzen 9,32,1024,NVIDIA RTX 4060,523149
MSI,Intel Core i3,4,1024,AMD Radeon,211322
Acer,AMD Ryzen 5,8,256,NVIDIA RTX 4060,266399
HP,Intel Core i5,4,512,NVIDIA GTX 1650,220212
Apple,Apple M2,4,1024,Apple GPU,468010
Acer,Intel Core i5,16,2048,NVIDIA RTX 3050,334189
Asus,Intel Core i9,4,512,Intel UHD,279849
Dell,Intel Core i9,8,2048,NVIDIA RTX 4070,601520
Asus,AMD Ryzen 5,16,512,NVIDIA RTX 3060,400086
MSI,Intel Core i7,16,256,Intel UHD,257903
Lenovo,Intel Core i3,64,512,AMD Radeon,336152
MSI,Intel Core i5,8,1024,NVIDIA GTX 1650,273947
Acer,Intel Core i9,4,2048,Intel Iris Xe,284658
HP,AMD Ryzen 7,64,256,AMD Radeon,391460
HP,Intel Core i7,16,2048,NVIDIA RTX 3050,358061
Lenovo,AMD Ryzen 9,32,1024,NVIDIA RTX 3060,471716
HP,Intel Core i9,64,2048,NVIDIA RTX 3050,640771
Asus,Intel Core i3,64,1024,Intel Iris Xe,438412
Asus,AMD Ryzen 7,16,256,NVIDIA RTX 3050,385044
Lenovo,Intel Core i3,16,1024,NVIDIA RTX 3060,259585
MSI,Intel Core i7,16,512,NVIDIA RTX 3050,383537
HP,AMD Ryzen 5,4,2048,NVIDIA GTX 1650,260486
Acer,Intel Core i7,4,2048,AMD Radeon,265059
Dell,Intel Core i7,32,2048,NVIDIA RTX 4060,540955
Acer,Intel Core i3,16,512,NVIDIA GTX 1650,158163
Acer,AMD Ryzen 5,16,1024,NVIDIA RTX 4070,450872
MSI,Intel Core i5,16,256,AMD Radeon,235369
Lenovo,Intel Core i5,64,512,NVIDIA RTX 3050,472725
Acer,Intel Core i7,8,1024,Intel UHD,234221
HP,AMD Ryzen 7,32,1024,NVIDIA RTX 3050,464018
Dell,Intel Core i7,32,256,NVIDIA RTX 3050,335332
Lenovo,Intel Core i3,32,512,Intel UHD,199632
Asus,Intel Core i3,64,1024,NVIDIA RTX 4060,553579
Lenovo,Intel Core i3,8,512,AMD Radeon,98871
Dell,Intel Core i9,8,1024,NVIDIA RTX 4070,486461
MSI,AMD Ryzen 7,4,2048,AMD Radeon,355089
Dell,AMD Ryzen 7,16,256,AMD Radeon,256330
Apple,Apple M2,16,512,Apple GPU,409808
MSI,AMD Ryzen 9,64,512,AMD Radeon,519293
Lenovo,AMD Ryzen 9,8,2048,Intel UHD,351820
Acer,Intel Core i9,32,2048,NVIDIA RTX 4060,562444
Lenovo,Intel Core i3,64,512,Intel Iris Xe,365428
Acer,Intel Core i7,16,512,Intel Iris Xe,236714
Apple,Apple M1,8,512,Apple GPU,294577
Acer,Intel Core i7,8,256,NVIDIA RTX 3050,296000
Lenovo,AMD Ryzen 5,8,256,NVIDIA RTX 3050,261206
MSI,Intel Core i3,16,2048,NVIDIA RTX 3050,341139
Acer,AMD Ryzen 5,32,512,NVIDIA RTX 3060,356516
Dell,Intel Core i9,8,512,NVIDIA RTX 3060,372462
MSI,Intel Core i9,8,512,Intel Iris Xe,318213
Acer,Intel Core i5,4,512,NVIDIA GTX 1650,199340
Apple,Apple M2,4,2048,Apple GPU,516919
Acer,Intel Core i7,64,256,Intel Iris Xe,412082
Acer,Intel Core i3,4,256,Intel Iris Xe,61207
Lenovo,Intel Core i9,4,1024,NVIDIA RTX 4060,365756
Lenovo,AMD Ryzen 7,8,256,AMD Radeon,163161
Dell,Intel Core i9,64,1024,Intel UHD,514381
Asus,AMD Ryzen 5,32,256,AMD Radeon,347350
Asus,AMD Ryzen 7,16,256,Intel UHD,258051
MSI,Intel Core i3,8,512,NVIDIA RTX 4070,398535
MSI,Intel Core i7,16,2048,NVIDIA GTX 1650,413319
Dell,Intel Core i5,64,2048,Intel Iris Xe,507973
HP,AMD Ryzen 7,16,512,NVIDIA RTX 4070,523721
Apple,Apple M1,4,256,Apple GPU,291041
MSI,AMD Ryzen 5,8,256,NVIDIA RTX 4070,406175
MSI,AMD Ryzen 5,4,1024,Intel UHD,252430
Acer,Intel Core i5,16,1024,NVIDIA RTX 4070,459198
Lenovo,Intel Core i3,8,256,Intel UHD,151418
MSI,Intel Core i7,16,2048,NVIDIA RTX 3060,499508
Acer,Intel Core i3,4,256,Intel UHD,73411
MSI,Intel Core i5,16,1024,AMD Radeon,289862
Lenovo,AMD Ryzen 5,4,1024,NVIDIA RTX 3050,268123
MSI,Intel Core i7,4,2048,AMD Radeon,344845
Lenovo,Intel Core i9,32,2048,NVIDIA RTX 3050,522398
MSI,Intel Core i9,4,512,AMD Radeon,321888
Acer,AMD Ryzen 7,8,256,Intel Iris Xe,215987
Lenovo,AMD Ryzen 5,64,2048,NVIDIA RTX 4070,735760
HP,AMD Ryzen 5,16,256,NVIDIA RTX 4060,332174
MSI,AMD Ryzen 7,32,2048,AMD Radeon,434150
Apple,Apple M2,32,256,Apple GPU,482238
Apple,Apple M2,16,256,Apple GPU,444981
Acer,AMD Ryzen 9,16,256,NVIDIA GTX 1650,291430
Lenovo,AMD Ryzen 7,32,1024,NVIDIA GTX 1650,378211
Acer,AMD Ryzen 7,8,256,NVIDIA RTX 4060,311546
Apple,Apple M1,64,2048,Apple GPU,656433
MSI,Intel Core i9,4,2048,AMD Radeon,413178
Dell,Intel Core i5,16,256,NVIDIA RTX 3060,291653
Asus,Intel Core i5,32,512,NVIDIA RTX 4060,451984
Apple,Apple M2,32,2048,Apple GPU,539990
Apple,Apple M2,32,1024,Apple GPU,541608
Apple,Apple M2,4,256,Apple GPU,379345
Lenovo,Intel Core i9,64,256,Intel Iris Xe,532740
MSI,Intel Core i3,64,512,NVIDIA RTX 3050,464377
Acer,AMD Ryzen 7,16,1024,NVIDIA RTX 4070,488035
MSI,Intel Core i3,32,1024,NVIDIA GTX 1650,347094
Asus,AMD Ryzen 9,16,2048,NVIDIA RTX 4070,693930
Apple,Apple M1,8,256,Apple GPU,319831
Dell,Intel Core i7,64,1024,NVIDIA RTX 3050,536957
Acer,Intel Core i3,8,2048,Intel Iris Xe,216615
HP,AMD Ryzen 9,4,1024,NVIDIA RTX 4060,409288
Asus,Intel Core i5,4,2048,NVIDIA GTX 1650,309625
HP,Intel Core i9,16,256,NVIDIA GTX 1650,319536
MSI,Intel Core i9,64,256,Intel Iris Xe,558046
MSI,Intel Core i9,64,512,NVIDIA RTX 4070,736297
Lenovo,Intel Core i3,64,2048,Intel Iris Xe,436933
MSI,AMD Ryzen 5,64,512,NVIDIA RTX 4070,648071
Acer,AMD Ryzen 5,8,256,AMD Radeon,175001
Lenovo,AMD Ryzen 7,64,2048,NVIDIA RTX 3060,585490
Lenovo,AMD Ryzen 5,16,2048,NVIDIA GTX 1650,300938
Dell,Intel Core i7,8,512,NVIDIA RTX 4070,430600
Lenovo,AMD Ryzen 5,64,1024,NVIDIA RTX 3050,531022
Acer,AMD Ryzen 7,8,512,NVIDIA GTX 1650,237584
Asus,AMD Ryzen 7,16,512,NVIDIA RTX 3050,340739
Acer,AMD Ryzen 7,64,1024,AMD Radeon,511998
Acer,Intel Core i3,64,2048,NVIDIA RTX 3060,504181
Asus,AMD Ryzen 5,64,1024,NVIDIA RTX 4060,551474
MSI,Intel Core i9,64,256,Intel Iris Xe,540432
Apple,Apple M2,8,256,Apple GPU,364122
Acer,Intel Core i3,16,512,NVIDIA GTX 1650,160984
Dell,AMD Ryzen 7,8,256,NVIDIA RTX 3050,272674
Acer,AMD Ryzen 9,8,256,NVIDIA RTX 3050,315358
Dell,AMD Ryzen 9,4,512,NVIDIA RTX 4070,443352
Acer,AMD Ryzen 7,8,1024,NVIDIA RTX 4060,329588
Acer,AMD Ryzen 7,32,2048,Intel Iris Xe,407451
Lenovo,AMD Ryzen 9,64,256,NVIDIA RTX 3060,601876
Apple,Apple M2,8,2048,Apple GPU,474957
MSI,Intel Core i5,64,512,NVIDIA RTX 3060,607669
MSI,AMD Ryzen 7,16,2048,NVIDIA GTX 1650,384026
HP,AMD Ryzen 7,8,512,Intel UHD,155305
Acer,AMD Ryzen 5,32,256,Intel UHD,222625
Lenovo,Intel Core i7,8,512,NVIDIA RTX 3050,265946
Asus,AMD Ryzen 9,4,1024,NVIDIA RTX 3050,396965
Lenovo,AMD Ryzen 7,4,512,AMD Radeon,174328
Dell,AMD Ryzen 5,64,1024,Intel Iris Xe,427789
Lenovo,AMD Ryzen 9,4,1024,NVIDIA RTX 3060,341509
Asus,Intel Core i5,64,256,AMD Radeon,471038
MSI,AMD Ryzen 5,32,2048,AMD Radeon,394810
Apple,Apple M2,8,512,Apple GPU,423375
Acer,Intel Core i7,16,1024,NVIDIA RTX 3060,380268
HP,AMD Ryzen 9,64,256,NVIDIA RTX 4070,707699
Apple,Apple M2,32,512,Apple GPU,508234
Acer,AMD Ryzen 5,4,1024,NVIDIA GTX 1650,221947
Lenovo,AMD Ryzen 9,32,1024,Intel UHD,399728
Asus,AMD Ryzen 7,4,1024,NVIDIA RTX 3050,371553
Asus,AMD Ryzen 9,32,256,NVIDIA RTX 4070,622623
Dell,AMD Ryzen 7,16,256,NVIDIA GTX 1650,278250
Apple,Apple M1,64,256,Apple GPU,553506
Acer,Intel Core i3,8,2048,NVIDIA GTX 1650,281450
MSI,Intel Core i3,64,2048,NVIDIA GTX 1650,511731
Acer,AMD Ryzen 9,8,256,Intel UHD,289145
Lenovo,AMD Ryzen 7,4,256,NVIDIA RTX 3060,276882
Apple,Apple M1,8,1024,Apple GPU,325405
Asus,Intel Core i3,16,2048,NVIDIA GTX 1650,333936
Lenovo,Intel Core i9,32,1024,NVIDIA RTX 4060,501926
Apple,Apple M2,4,256,Apple GPU,384769
Acer,AMD Ryzen 7,64,256,Intel UHD,398858
Acer,AMD Ryzen 9,16,256,Intel UHD,260036
Dell,AMD Ryzen 9,64,256,NVIDIA RTX 3050,489572
Dell,AMD Ryzen 9,32,2048,NVIDIA RTX 4070,648621
MSI,AMD Ryzen 7,32,512,Intel Iris Xe,286009
Asus,Intel Core i5,32,1024,AMD Radeon,296128
Acer,Intel Core i5,16,256,NVIDIA RTX 3050,265779
Asus,AMD Ryzen 9,4,256,AMD Radeon,299845
Apple,Apple M2,64,256,Apple GPU,623429
Dell,Intel Core i5,8,2048,NVIDIA RTX 3060,325733
Acer,AMD Ryzen 9,8,512,AMD Radeon,251988
HP,AMD Ryzen 5,8,256,NVIDIA RTX 3050,211180
HP,AMD Ryzen 7,64,2048,Intel Iris Xe,484432
Acer,AMD Ryzen 5,16,256,Intel UHD,216935
Dell,Intel Core i3,64,2048,NVIDIA GTX 1650,499327
Dell,Intel Core i7,8,256,AMD Radeon,177336
Dell,AMD Ryzen 5,8,1024,Intel UHD,185229
Lenovo,Intel Core i9,64,1024,NVIDIA RTX 3060,632294
Acer,AMD Ryzen 5,64,1024,AMD Radeon,361242
MSI,Intel Core i7,8,256,NVIDIA RTX 4060,371208
Dell,Intel Core i5,32,1024,NVIDIA GTX 1650,307301
MSI,Intel Core i7,16,2048,AMD Radeon,344231
Lenovo,Intel Core i9,16,2048,NVIDIA RTX 3060,475461
Asus,Intel Core i3,64,256,AMD Radeon,439176
MSI,Intel Core i7,64,512,AMD Radeon,504648
Dell,AMD Ryzen 7,4,256,Intel UHD,150921
MSI,AMD Ryzen 5,64,2048,Intel Iris Xe,546453
